Rubrica;Fonte;Classificação;Descrição;Orçado;Janeiro;Fevereiro;Março;Abril;Maio;Junho;Julho;Agosto;Setembro;Outubro;Novembro;Dezembro;Acumulado;
;;10000000000;Receitas Correntes;3091432145;206487918,97;270875798,82;229591408,86;216597163,66;237073875,02;234519314,53;295109821,83;234733848,9;220529105,57;227283245,62;240583680,01;328949504,4;2942334686,19
;;11000000000;Impostos, Taxas e Contribuições de Melhorias;839585312;57636018,62;50770844,9;53190148,97;54428960,61;53337346,88;60837498,81;101213376,9;64358182,78;62319106,19;60828520,05;61247116,62;67321329,99;747488451,32
;;11100000000;Impostos;817709435;54176542,23;47738549,8;49443662,14;53071839,62;52321174,28;60048120,77;100141204,34;62343663,86;60762886,49;59699868,5;60218120,14;66676043,7;726641675,87
;;11130000000;Imposto sobre a Renda e Proventos de Qualquer Natureza;82812229;7508611,53;7259841,59;7338402,63;5717218,5;4607106,77;7793725,64;8014038,93;5847539,62;8352442,36;6254192,82;5822293,64;9220059,54;83735473,57
;;11130300000;Imposto sobre a Renda - Retido na Fonte;82812229;7508611,53;7259841,59;7338402,63;5717218,5;4607106,77;7793725,64;8014038,93;5847539,62;8352442,36;6254192,82;5822293,64;9220059,54;83735473,57
;;11130310000;Imposto sobre a Renda - Retido na Fonte - Trabalho;82812229;7216281,12;6621392,98;7116027,31;5468600,9;4219625,81;7303994,04;4532698,32;4498155,18;5923465,89;5040541,36;3406277;6778775,81;68125835,72
;;11130311000;Imposto sobre a Renda - Retido na Fonte - Principal;82812229;7216281,12;6621392,98;7116027,31;5468600,9;4219625,81;7303994,04;4532698,32;4498155,18;5923465,89;5040541,36;3406277;6778775,81;68125835,72
1;100;11130311001;Imposto sobre a Renda - Retido na Fonte;82812229;0;0;361084,91;234761,14;347534,4;283611;234338,58;359131,98;207096,22;185773,81;260119,77;310238,72;2783690,53
73;100;11130311002;Imposto sobre a Renda - Retido na Fonte - Funcionário;0;7216281,12;6621392,98;6754942,4;5233839,76;3872091,41;7020383,04;4298359,74;4139023,2;5716369,67;4854767,55;3146157,23;6468537,09;65342145,19
;;11130340000;Imposto sobre a Renda - Retido na Fonte - Outros Rendimentos;0;0;0;0;0;0;0;0;0;0;0;0;0;0
;;11130340000;Imposto Sobre Serviço a Renda - Retido na Fonte - Outros Rendimentos;0;292330,41;638448,61;222375,32;248617,6;387480,96;489731,6;3481340,61;1349384,44;2428976,47;1213651,46;2416016,64;2441283,73;15609637,85
74;100;11130341000;Imposto sobre a Renda - Retido na Fonte - Outros Rendimentos;0;292330,41;638448,61;222375,32;248617,6;387480,96;489731,6;3481340,61;1349384,44;2428976,47;1213651,46;2416016,64;2441283,73;15609637,85
;;11180000000;Impostos Específicos de Estados / DF / Municípios;734897206;46667930,7;40478708,21;42105259,51;47354621,12;47714067,51;52254395,13;92127165,41;56496124,24;52410444,13;53445675,68;54395826,5;57455984,16;642906202,3
;;11180100000;Imposto sobre Patrimônio para Estados/DF/Municípios;152209358;6866377,68;4789509,57;6349198,48;7581512,2;6980963,17;8936353,13;47658379,45;10870868,03;8896312,98;9199036,59;8454106,65;9292829,29;135875447,22
;;11180110000;Imposto sobre a Propriedade Predial e Territorial Urbana;124071489;5160532,57;3529311,7;4372239,8;5483347,24;4508874,97;5698022,44;45494912,68;8343418,61;6527742,6;6747068,6;6100643,69;6268777,47;108234892,37
2;100;11180111000;Imposto sobre a Propriedade Predial e Territorial Urbana - Principal;108111137;4766209,68;3150549,59;3825678,93;4485901,71;4064609,06;5003762,83;44505929,15;7326470,7;5917306,09;6003905,25;5409229,81;5438780,1;99898332,9
3;100;11180112000;Imposto sobre a Propriedade Predial e Territorial Urbana - Multas e Juros;626623;120243,59;83240,17;118286,58;140609,71;144924,4;163540,84;284556,07;248291,03;172849,13;211263,56;189028,47;253314,02;2130147,57
4;100;11180113000;Imposto sobre a Propriedade Predial e Territorial Urbana - Dívida Ativa;11749863;187418,57;275424,91;395750,85;833865,31;280212,64;464072,59;487710,02;531561,72;295151,22;379234,95;356756,49;403481,57;4890640,84
5;100;11180114000;Imposto sobre a Propriedade Predial e Territorial Urbana - Dívida Ativa - Multas e Juros;3583866;86660,73;20097,03;32523,44;22970,51;19128,87;66646,18;216717,44;237095,16;142436,16;152664,84;145628,92;173201,78;1315771,06
;;11180140000;Imposto sobre Transmissão intervivos de bens imóveis e direitos reais sobre imóveis;28137869;1705845,11;1260197,87;1976958,68;2098164,96;2472088,2;3238330,69;2163466,77;2527449,42;2368570,38;2451967,99;2353462,96;3024051,82;27640554,85
6;100;11180141000;Imposto sobre Transmissão intervivos de bens imóveis e direitos reais sobre imóveis - Principal;25643139;1705845,11;1260197,87;1976958,68;2098164,96;2472088,2;3238330,69;2163466,77;2527449,42;2368570,38;2451967,99;2353462,96;3024051,82;27640554,85
7;100;11180142000;Imposto sobre Transmissão intervivos de bens imóveis e direitos reais sobre imóveis - Multas e Juros;309065;0;0;0;0;0;0;0;0;0;0;0;0;0
8;100;11180143000;Imposto sobre Transmissão intervivos de bens imóveis e direitos reais sobre imóveis - Dívida Ativa;1758563;0;0;0;0;0;0;0;0;0;0;0;0;0
9;100;11180144000;Imposto sobre Transmissão intervivos de bens imóveis e direitos reais sobre imóveis - Dívida Ativa - Multas e Juros;427102;0;0;0;0;0;0;0;0;0;0;0;0;0
;;11180200000;Impostos sobre a Produção, circulação de Mercadorias e Serviços;582687848;39801553,02;35689198,64;35756061,03;39773108,92;40733104,34;43318042;44468785,96;45625256,21;43514131,15;44246639,09;45941719,85;48163154,87;507030755,08
;;11180230000;Imposto sobre Serviço de Qualquer Natureza;582687848;39801553,02;35689198,64;35756061,03;39773108,92;40733104,34;43318042;44468785,96;45625256,21;43514131,15;44246639,09;45941719,85;48163154,87;507030755,08
;;11180231000;Imposto sobre Serviço de Qualquer Natureza - Principal;582687848;39801553,02;35689198,64;35756061,03;39773108,92;40733104,34;43318042;44468785,96;45625256,21;43514131,15;44246639,09;45941719,85;48163154,87;507030755,08
10;100;11180231001;ISS - Principal;489416456;33541538,79;30326676;30638489,35;33787310,16;34730627,76;37634518,4;37217087,63;23425424,52;22789569,19;22141690,87;23032819,96;22851548,47;352117301,1
11;100;11180231002;ISS - Retido na Fonte;26577208;1113204,11;1565201,12;1280938,37;1568546,12;1685663,65;1253970,2;1729075,11;17042599,9;16147789,47;16430935,59;18054846,06;19523320,31;97396090,01
12;100;11180231003;ISS - Simples Nacional;38225942;3409569,2;3018776,74;2951045,01;3286880,96;3309996,88;3445566,5;3458123,02;3731246,2;3715332,56;3966241,31;3777213,44;4026555,96;42096547,78
13;100;11180231004;ISS - STN - Convênio;11252903;1394581,26;498972,42;619316,68;890130,35;758711,69;487829,99;1534190,57;1079981,25;501454,9;1271683,62;747083,8;1443323,63;11227260,16
90;100;11180231005;Iss LC.157/2016;0;0;0;0;0;0;0;0;0;0;0;0;0;0
14;100;11180232000;Imposto sobre Serviço de Qualquer Natureza - Multas e Juros;4444402;339934,32;272904,41;264221,19;238495,58;233250,51;358157,14;382156,32;318555,89;323574,72;370215,26;324305,66;317502,61;3743273,61
15;100;11180233000;Imposto sobre Serviço de Qualquer Natureza - Dívida Ativa;11802777;2257,6;4741,55;1909,34;1651,18;14600,23;137324,68;148078,11;23109,49;34633,29;48859,7;3642,4;660,48;421468,05
16;100;11180234000;Imposto sobre Serviço de Qualquer Natureza - Dívida Ativa - Multas e Juros;968160;467,74;1926,4;141,09;94,57;253,62;675,09;75,2;4338,96;1777,02;17012,74;1808,53;243,41;28814,37
;;11200000000;Taxas;21875877;3459476,39;3032295,1;3746486,83;1357120,99;1016172,6;789378,04;1072172,56;2014518,92;1556219,7;1128651,55;1028996,48;645286,29;20846775,45
;;11210000000;Taxa pelo Exercício de poder de Polícia;20849112;3344870;2941897,29;3599915,15;1279987,16;957961,42;738634,36;995919,96;1920125,68;1469957,91;1011908,46;917135,64;554645,27;19732958,3
;;11210100000;Taxas de Inspeção, Controle e Fiscalização;20849112;3344870;2941897,29;3599915,15;1279987,16;957961,42;738634,36;995919,96;1920125,68;1469957,91;1011908,46;917135,64;554645,27;19732958,3
;;11210110000;Taxas de Inspeção, Controle e Fiscalização;20849112;3344870;2941897,29;3599915,15;1279987,16;957961,42;738634,36;995919,96;1920125,68;1469957,91;1011908,46;917135,64;554645,27;19732958,3
;;11210111000;Taxas de Inspeção, Controle e Fiscalização - Principal;20849112;3317016,82;2930668,95;3585143,42;1274315,59;953317,03;735648,91;987325,65;1906658,44;1425575,91;925124,19;843635,13;535496,92;19419926,96
72;117;11210111001;Fiscalização de Vigilância Sanitária;0;0;0;0;0;0;0;51917,41;357169,29;53813,61;1130,01;0;0;464030,32
72;100;11210111001;Fiscalização de Vigilância Sanitária;8110;0;0;2634,28;0;0;1317,14;0;2634,28;6892,32;66233,9;59588,37;42568,37;181868,66
18;100;11210111002;Licença para Funcionamento de Estabelecimentos Comercias, Industriais e Prestação de Serviços;11524805;2712549,24;1456733,32;2514917,32;970384,1;457675,31;359429,41;348450,58;292421,3;226284,29;368639,41;229026,29;216746,32;10153256,89
19;100;11210111003;Publicidade Comercial;117759;19513,18;22272,02;19138,65;12327,64;13204,56;30846,65;6850,98;6321,93;8716,75;7919,26;7793,62;9001,63;163906,87
20;100;11210111004;Funcionamento de Estabelecimento em Horário Especial;89156;0;0;0;0;0;0;0;0;0;0;621,17;14,88;636,05
21;100;11210111005;Licença para Execução de Obras;1989070;57497,23;746282,7;810251,07;58534,98;284046,5;27389,92;103909,3;852437;359752,18;62848,17;96116,16;11042,75;3470107,96
1;100;11210111006;Autorização de Funcionamento de Transportes;2450803;0;0;0;0;0;0;0;0;492381,38;0;60006;0;552387,38
86;100;11210111006;Autorização de Funcionamento de Transportes;0;940,82;2352,05;2822,46;3292,87;3292,87;3292,87;1411,23;0;0;0;0;0;17405,17
75;100;11210111007;Fiscalização de aparelhos de transporte - vistoria, exclusão, renovação e inclusão de veículos;687102;191208,05;82620,25;51540,41;29547,83;32052,84;24577,33;37953,82;81898,15;44224,89;68715,67;99793,43;33994,18;778126,85
22;100;11210111008;Aprovação de Projeto de Construção Civil;1679307;163208,6;358315,33;42784,65;41159,32;29387,81;89865,99;195835,8;68343,25;28667,92;66803,18;73851,63;41555,46;1199778,94
23;100;11210111009;Alinhamentos e Nivelamentos;10640;0;0;0;0;0;0;0;0;0;0;0;0;0
87;100;11210111010;Apreensão, Depósitos ou Liberação de Animais;0;0;0;0;0;0;0;0;0;0;0;0;0;0
24;100;11210111011;Taxa de Licenciamento Ambiental;236384;10560,84;13789,99;16102,13;12957,58;31358,97;22445,39;25133,89;24974,27;22052,43;27139,27;18692,61;21134,47;246341,84
25;100;11210111012;Taxa de Autorização Ambiental;41848;12642,19;169,3;20616,2;3310,81;8860,2;6094,92;22679,32;12936,07;17144,3;8100;15085,76;30618,89;158257,96
26;100;11210111013;Habite-se;1992044;78363,35;220859,33;67630,13;95221,15;43321,36;122050,49;136194,04;149575,15;90079,3;75389,39;51836,06;54028,14;1184547,89
77;100;11210111014;Taxas pela Prestação de Serviços - Principal;0;6163,95;1768,68;632,2;0;0;0;0;0;0;0;0;0;8564,83
3;100;11210111099;Outras Taxas pelo Exercício pelo Poder de Polícia;22084;0;0;0;0;0;0;0;0;0;0;0;0;0
83;100;11210112000;Taxas de Inspeção, Controle e Fiscalização - Multas e Juros;0;48057,11;21484,71;31482,66;45177,23;47748,12;47095,11;50590,9;47030,44;36360,16;76137,32;52467,61;62317,22;565948,59
85;100;11210113000;Taxas de Inspeção, Controle e Fiscalização - Dívida Ativa;0;27853,18;11228,34;14771,73;5671,57;4644,39;2985,45;8594,31;13467,24;44382;86784,27;73500,51;19148,35;313031,34
84;100;11210114000;Taxas de Inspeção, Controle e Fiscalização - Dívida Ativa - Multas e Juros;0;16312,26;4021,27;4591,26;2402,08;2368,49;1243,69;6398,38;10917,31;39206,38;96068,61;78756,42;12474,61;274760,76
;;11220000000;Taxas pela Prestação de Serviços;1026765;114606,39;90397,81;146571,68;77133,83;58211,18;50743,68;76252,6;94393,24;86261,79;116743,09;111860,84;90641,02;1113817,15
;;11220100000;Taxas pela Prestação de Serviços;0;19301,23;29194,7;36737,89;24196,64;20184,33;27634,76;53788,01;69864,6;67134,64;86415,36;91368,41;72791,49;598612,06
;;11220110000;Taxas pela Prestação de Serviços;0;19301,23;29194,7;36737,89;24196,64;20184,33;27634,76;53788,01;69864,6;67134,64;86415,36;91368,41;72791,49;598612,06
78;100;11220111000;Taxas pela Prestação de Serviços -Principal;0;19301,23;29194,7;36737,89;24196,64;20184,33;27634,76;53788,01;69864,6;67134,64;86415,36;91368,41;72791,49;598612,06
79;100;11220112000;Taxas pela Prestação de Serviços -Multas e juros;0;0;0;0;0;0;0;0;0;0;0;0;0;0
80;100;11220113000;Taxas pela Prestação de Serviços  - Dívida Ativa;0;0;0;0;0;0;0;0;0;0;0;0;0;0
81;100;11220114000;Taxas pela Prestação de Serviços - Dívida Ativa - Multas e Juros;0;0;0;0;0;0;0;0;0;0;0;0;0;0
;;11220300000;Emolumentos e Custas Extrajudiciais;572512;95305,16;61203,11;109833,79;52937,19;38026,85;23108,92;22464,59;24528,64;19127,15;30327,73;20492,43;17849,53;515205,09
;;11220310000;Emolumentos e Custas Extrajudiciais;572512;95305,16;61203,11;109833,79;52937,19;38026,85;23108,92;22464,59;24528,64;19127,15;30327,73;20492,43;17849,53;515205,09
27;100;11220311000;Emolumentos e Custas Extrajudiciais - Principais;572512;95305,16;61203,11;109833,79;52937,19;38026,85;23108,92;22464,59;24528,64;19127,15;30327,73;20492,43;17849,53;515205,09
;;11229900000;OUTRAS TAXAS PELA PRESTAÇÃO DE SERVIÇOS;454253;0;0;0;0;0;0;0;0;0;0;0;0;0
4;100;11229902000;OUTRAS TAXAS SEMTUR ;233666;0;0;0;0;0;0;0;0;0;0;0;0;0
5;100;11229903000;OUTRAS TAXAS PELA PRESTAÇÃO DE SERVIÇOS;220587;0;0;0;0;0;0;0;0;0;0;0;0;0
;;11300000000;Contribuição de Melhoria;0;0;0;0;0;0;0;0;0;0;0;0;0;0
;;11300010000;Contribuição de Melhoria;0;0;0;0;0;0;0;0;0;0;0;0;0;0
88;100;11300011000;Contribuição de Melhoria - Principal;0;0;0;0;0;0;0;0;0;0;0;0;0;0
89;100;11300012000;Contribuição de Melhoria - Multa e Juros ;0;0;0;0;0;0;0;0;0;0;0;0;0;0
;;12000000000;Contribuições;162047726;10791463,86;11562152,45;10750627,32;16263622,97;11094345,24;11392441,04;10713926,48;12688490,59;10977804,2;13990260,16;11570639,36;15449880,57;147245654,24
;;12100000000;Contribuições Sociais;85124892;4135300,65;5322843,17;5173614,25;10128762,37;6123948,86;5554001,88;5338397,41;6288905,39;5341938,34;8485504,24;5500890,96;8697396,81;76091504,33
;;12100400000;Contribuição para o Regime Próprio de Previdência Social - RPPS;84088945;4135300,65;5322843,17;5173614,25;10128762,37;6123948,86;5554001,88;5338397,41;6288905,39;5341938,34;8485504,24;5500890,96;8697396,81;76091504,33
;;12100420000;Contribuição do Servidor Ativo Civil para o RPPS;80933147;4135300,65;5119047,04;4974724,07;9930991,44;5691215,58;5316867,58;5105113,13;6053752,9;5064074,74;8485504,24;5010112,44;8453979,65;73340683,46
;100;12100421000;Contribuição do Servidor Ativo Civil para o RPPS - Principal;78578945;4135300,65;5119047,04;4974724,07;9930991,44;5691215,58;5316867,58;5105113,13;6053752,9;5064074,74;5013319,57;5010112,44;8453979,65;69868498,79
1;100;12100421001;Contribuição do Servidor Ativo Civil para o RPPS - Principal;60510982;1073848,26;3107805,87;4399395,71;6671494,81;4192749,09;3976718,1;3723096,24;3724726,41;3592343,05;3571647,26;3573921,05;7032096,68;48639842,53
2;100;12100421003;Contribuição do Servidor Ativo Civil para o RPPS - G. Previdênciario;18067963;3061452,39;2011241,17;575328,36;3259496,63;1498466,49;1340149,48;1382016,89;2329026,49;1471731,69;1441672,31;1436191,39;1421882,97;21228656,26
3;100;12100422000;Contribuição do Servidor Ativo Civil para o RPPS - Multas e Juros;2354202;0;0;0;0;0;0;0;0;0;1820978,77;0;0;1820978,77
35;226;12100424000;Contribuição do Servidor Ativo Civil - parcelamento - G. Previdenciário.;0;0;0;0;0;0;0;0;0;0;1651205,9;0;0;1651205,9
;;12100430000;Contribuição dos Servidores Inativos Civis para o RPPS;2435919;0;147411,37;147229,01;147350,15;321882,83;173321,66;174402,04;175635,88;215210,12;0;365969,2;185581,86;2053994,12
4;100;12100431000;Contribuição dos Servidores Inativos Civis para o RPPS - Principal;2435919;0;147411,37;147229,01;147350,15;321882,83;173321,66;174402,04;175635,88;215210,12;0;365969,2;185581,86;2053994,12
;;12100440000;Contribuição dos Pensionistas Civil para o RPPS;719879;0;56384,76;51661,17;50420,78;110850,45;63812,64;58882,24;59516,61;62653,48;0;124809,32;57835,3;696826,75
5;100;12100441000;Contribuição dos Pensionistas Civil para o RPPS - Principal;719879;0;56384,76;51661,17;50420,78;110850,45;63812,64;58882,24;59516,61;62653,48;0;124809,32;57835,3;696826,75
;;12100460000;Contribuição do Servidor Ativo Civil ao RPPS Oriunda de Sentenças Judiciais;0;0;0;0;0;0;0;0;0;0;0;0;0;0
;;12100470000;Contribuição do Servidor Inativo Civil ao RPPS Oriunda de Sentenças Judiciais;0;0;0;0;0;0;0;0;0;0;0;0;0;0
;;12100480000;Contribuição do Pensionista Civil ao RPPS Oriunda de Sentenças Judiciais;0;0;0;0;0;0;0;0;0;0;0;0;0;0
;;12109900000;Outras Contribuições Sociais;1035947;0;0;0;0;0;0;0;0;0;0;0;0;0
;;12109910000;Outras Contribuições Sociais;1035947;0;0;0;0;0;0;0;0;0;0;0;0;0
;100;12109911000;Outras Contribuições Sociais - Principal;1035947;0;0;0;0;0;0;0;0;0;0;0;0;0
6;100;12109911001;Outras Contribuições Sociais - Previdenciárias;1035947;0;0;0;0;0;0;0;0;0;0;0;0;0
;;12400000000;Contribuição para o Custeio do Serviço de Iluminação Pública;76922834;6656163,21;6239309,28;5577013,07;6134860,6;4970396,38;5838439,16;5375529,07;6399585,2;5635865,86;5504755,92;6069748,4;6752483,76;71154149,91
;;12400010000;Contribuição para o Custeio do Serviço de Iluminação Pública;76922834;6656163,21;6239309,28;5577013,07;6134860,6;4970396,38;5838439,16;5375529,07;6399585,2;5635865,86;5504755,92;6069748,4;6752483,76;71154149,91
28;100;12400011000;Contribuição para o Custeio do Serviço de Iluminação Pública - Principal;76922834;6656163,21;6239309,28;5577013,07;6134860,6;4970396,38;5838439,16;5375529,07;6399585,2;5635865,86;5504755,92;6069748,4;6752483,76;71154149,91
;;13000000000;Receita Patrimonial;60803039;512366,17;1083336,88;1013239,56;1982036,63;1236501,28;1782060,56;3761897,73;1442627,86;728499,85;7383385,99;2669296,16;4239845,05;27835093,72
;;13100000000;Exploração do Patrimônio Imobiliário do Estado;440005;9194,39;591944,75;39876,35;21297,24;70609,83;55678,22;29001,86;31388,19;21764,52;23025,73;21696,13;65778,05;981255,26
;;13100100000;Aluguéis, Arrendamentos, Foros, Laudêmios, Tarifas de Ocupação;440005;9194,39;591944,75;39876,35;21297,24;70609,83;55678,22;29001,86;31388,19;21764,52;23025,73;21696,13;65778,05;981255,26
;;13100110000;Aluguéis e Arrendamentos;0;0;0;0;0;0;0;0;0;0;0;0;0;0
82;100;13100111000;Aluguéis e Arrendamentos - Principal;0;0;0;0;0;0;0;0;0;0;0;0;0;0
;;13100120000;Foros, Laudêmios e Tarifas de Ocupação;440005;9194,39;591944,75;39876,35;21297,24;70609,83;55678,22;29001,86;31388,19;21764,52;23025,73;21696,13;65778,05;981255,26
29;100;13100121000;Foros, Laudêmios e Tarifas de Ocupação - Principal;440005;9194,39;591944,75;39876,35;21297,24;70609,83;55678,22;29001,86;31388,19;21764,52;23025,73;21696,13;65778,05;981255,26
;;13100200000;Concessão, Permissão, Autorização ou Cessão do Direito de Uso de Bens Imóveis Públicos;0;0;0;0;0;0;0;0;0;0;0;0;0;0
;;13100210000;Concessão, Permissão, Autorização ou Cessão do Direito de Uso de Bens Imóveis Públicos;0;0;0;0;0;0;0;0;0;0;0;0;0;0
;;13109900000;Outras Receitas mobiliárias;0;0;0;0;0;0;0;0;0;0;0;0;0;0
;;13109900000;Outras Receitas Imobiliárias;0;0;0;0;0;0;0;0;0;0;0;0;0;0
;;13109910000;Outras Receitas mobiliárias;0;0;0;0;0;0;0;0;0;0;0;0;0;0
;;13109910000;Outras Receitas Imobiliárias;0;0;0;0;0;0;0;0;0;0;0;0;0;0
;;13200000000;Valores Mobiliários;59145366;491726,32;457755,46;859805,78;1929955,49;1160515,08;1662935,1;3704276,36;1405694,77;664968,99;7337158,76;2596028,71;4146496,56;26417317,38
;;13200000000;Valores Imobiliários;0;11445,46;33636,67;113557,43;30783,9;5376,37;63447,24;28619,51;5544,9;41766,34;23201,5;51571,32;27570,44;436521,08
;;13210000000;Juros e Correção Monetária;59145366;503171,78;491392,13;973363,21;1960739,39;1165891,45;1726382,34;3732895,87;1411239,67;706735,33;7360360,26;2647600,03;4174067;26853838,46
;;13210010000;Remuneração de Depósitos Bancários;23445631;483003,59;471317,03;788801,77;556111,07;583494,04;544923,04;508319,27;676604,13;685968,13;651811,25;551168,87;904306,2;7405828,39
;;13210011000;Remuneração de Depósitos Bancários - Principal;23445631;483003,59;471317,03;788801,77;556111,07;583494,04;544923,04;508319,27;676604,13;685968,13;651811,25;551168,87;904306,2;7405828,39
1;104;13210011001;Remuneração de Depósitos Bancários - Vinculados - FUNDEB;5009587;69000,57;103853,57;139590,94;129084,82;129134,08;133641,99;114516,09;103734,03;81966,32;82808,62;56952,06;82697,3;1226980,39
97;100;13210011002;Remuneração de Depósitos Bancários - Vinculados - FNDE;0;0;0;0;0;0;0;0;0;0;0;0;0;0
1;100;13210011003;Remuneração de Depósitos Bancários - Vinculados - Saúde;3386692;0;47967,33;203094,73;0;162042,31;0;0;244705,04;98603,04;199919,18;88404,77;320121,36;1364857,76
400;100;13210011003;Remuneração de Depósitos Bancários - Vinculados Saúde;0;0;0;0;0;0;0;0;0;0;0;0;0;0
30;100;13210011005;Remuneração de Depósitos Bancários - Vinculados - MDE;3411963;49974,98;40263,94;48107,26;43824;45448,31;50737,03;57573,2;55844,18;49242,75;66531,26;65739,89;62375,16;635661,96
98;100;13210011006;Remuneração de Depósitos Bancários - Vinculados - Convenios - MDE;0;0;0;0;0;0;0;0;0;0;0;0;0;0
76;100;13210011007;Remuneração de Depósitos Bancários - Vinculados - Convênios- Poupança e Outros;0;217959,72;135320,26;129050,79;128041,4;116870,15;173581,41;130216,33;116633,29;150955,32;120553,03;124385,82;126248,67;1669816,19
31;100;13210011008;Remuneração de Depósitos da LC 151/2015;194262;0;0;0;0;0;0;0;0;0;0;0;0;0
32;100;13210011009;Remuneração de Depósitos Bancários - Não Vinculados;11443127;146068,32;143911,93;268958,05;255160,85;129999,19;186962,61;206013,65;155687,59;305200,7;181999,16;215686,33;312863,71;2508512,09
;;13210040000;Remuneração dos Recursos do Regime Próprio da Previdência Social - RPPS;35699735;20168,19;20075,1;184561,44;1404628,32;582397,41;1181459,3;3224576,6;734635,54;20767,2;6708549,01;2096431,16;3269760,8;19448010,07
;;13210041000;Remuneração dos Recursos do Regime Próprio da Previdência Social - RPPS - Principal;35699735;20168,19;20075,1;184561,44;1404628,32;582397,41;1181459,3;3224576,6;734635,54;20767,2;6708549,01;2096431,16;3269760,8;19448010,07
7;100;13210041001;Remuneração dos Recursos dos Investimentos do RPPS - Em Renda Fixa;34436155;0;0;0;1387325,69;402223,36;1160688,05;3202724,69;713945,24;0;6687785,85;1964574,97;2885901,34;18405169,19
8;100;13210041005;Remuneração dos Recursos dos Investimentos do RPPS - Em Fundos Imobiliários;896897;0;0;184561,44;0;156229,64;0;0;0;0;0;0;363051,78;703842,86
9;100;13210041006;DIVIDENDOS A ACIONISTAS DOS INVESTIMENTOS EM FUNDOS IMOBILIARIOS;366683;20168,19;20075,1;0;17302,63;23944,41;20771,25;21851,91;20690,3;20767,2;20763,16;131856,19;20807,68;338998,02
;;13900000000;Demais Receitas Patrimoniais;1217668;0;0;0;0;0;0;0;0;0;0;0;0;0
;;13900010000;Demais Receitas Patrimoniais;608834;0;0;0;0;0;0;0;0;0;0;0;0;0
33;100;13900011000;Demais Receitas Patrimoniais - Principal;1217668;0;0;0;0;0;0;0;0;0;0;0;0;0
;;16000000000;Receita de Serviços;397073;8068,21;40080,31;12575,65;4446,21;2860,05;2855,87;2780,83;165,9;0;0;0;14067,14;87900,17
;;16100000000;Serviços Administrativos e Comerciais;83953;0;0;0;0;0;0;0;0;0;0;0;0;0
;;16100100000;Serviços Administrativos e Comerciais Gerais;83953;0;0;0;0;0;0;0;0;0;0;0;0;0
;;16100110000;Serviços Administrativos e Comerciais Gerais;83953;0;0;0;0;0;0;0;0;0;0;0;0;0
;;16100111000;Serviços Administrativos e Comerciais Gerais - Principal;83953;0;0;0;0;0;0;0;0;0;0;0;0;0
6;100;16100111003;Outros Serviços Administrativos;83953;0;0;0;0;0;0;0;0;0;0;0;0;0
;;16200000000;Serviços e Atividades Referentes à Navegação e ao Transporte;313120;8068,21;40080,31;12575,65;4446,21;2860,05;2855,87;2780,83;165,9;0;0;0;14067,14;87900,17
;;16200200000;Serviço de Transporte;313120;8068,21;40080,31;12575,65;4446,21;2860,05;2855,87;2780,83;165,9;0;0;0;14067,14;87900,17
;;16200210000;Serviço de Transporte;313120;8068,21;40080,31;12575,65;4446,21;2860,05;2855,87;2780,83;165,9;0;0;0;14067,14;87900,17
7;100;16200211000;Serviço de Transporte - Principal;313120;8068,21;40080,31;12575,65;4446,21;2860,05;2855,87;2780,83;165,9;0;0;0;14067,14;87900,17
107;105;16200211000;Serviço de Transporte - Principal;0;0;0;0;0;0;0;0;0;0;0;0;0;0
;;17000000000;Transferências Correntes;1949348605;135328139,79;206084555,97;163497229,39;142626640,2;169808221,27;159167792,42;177468237,99;154281625,69;144515019,87;143299205,45;162747340,09;239266066,22;1998090074,35
;;17100000000;Transferências da União e de suas Entidades;975543663;71452873,07;87271200,26;71048909,48;78311201,59;83873786,08;76835052,36;103605032,58;72589869,9;61758478,44;71690556,5;79638398,76;152405374,29;1010480733,31
;;17180000000;Transferência da União Específica E/M;975543663;71452873,07;87271200,26;71048909,48;78311201,59;83873786,08;76835052,36;103605032,58;72589869,9;61758478,44;71690556,5;79638398,76;152405374,29;1010480733,31
;;17180100000;Participação da Receita da União;521491306;43512949,96;56884714,3;38305434,95;40162224,32;49290475,69;46156394,45;53171376,47;39547759,29;29827999,8;33895197,24;42561358,04;74482514,95;547798399,46
;;17180120000;Cota-Parte do Fundo de Participação dos Municípios - Cota Mensal;477336299;43512459,05;56884392,47;38305434,95;40162000,62;49288532,05;46156366,35;31348229,23;39547637,64;29826858,41;33883117,64;42561225,92;52115946,04;503592200,37
34;100;17180121000;Cota-Parte do Fundo de Participação dos Municípios - Cota Mensal - Principal;477336299;43512459,05;56884392,47;38305434,95;40162000,62;49288532,05;46156366,35;31348229,23;39547637,64;29826858,41;33883117,64;42561225,92;52115946,04;503592200,37
;;17180130000;Cota-Parte do Fundo de Participação dos Municípios - 1% Cota entregue no mês de dezembro;19927192;0;0;0;0;0;0;0;0;0;0;0;22366487,98;22366487,98
35;100;17180131000;Cota-Parte do Fundo de Participação dos Municípios - 1% Cota entregue no mês de dezembro - Principal;19927192;0;0;0;0;0;0;0;0;0;0;0;22366487,98;22366487,98
;;17180140000;Cota-Parte do Fundo de Participação dos Municípios - 1% Cota entregue no mês de julho;24212003;0;0;0;0;0;0;21821922,11;0;0;0;0;0;21821922,11
36;100;17180141000;Cota-Parte do Fundo de Participação dos Municípios - 1% Cota entregue no mês de julho - Principal;24212003;0;0;0;0;0;0;21821922,11;0;0;0;0;0;21821922,11
;;17180150000;Cota-Parte do Imposto sobre a Propriedade Territorial Rural;15812;490,91;321,83;0;223,7;1943,64;28,1;1225,13;121,65;1141,39;12079,6;132,12;80,93;17789
37;100;17180151000;Cota-Parte do Imposto sobre a Propriedade Territorial Rural - Principal;15812;490,91;321,83;0;223,7;1943,64;28,1;1225,13;121,65;1141,39;12079,6;132,12;80,93;17789
;;17180200000;Transferência da Compensação Financeira pela Exploração de Recursos Naturais;6134696;566441,65;628892,73;641051,71;550802,98;603459,38;655448,97;790144,54;787575,92;812137,7;785639,55;978714,43;900737,88;8701047,44
;;17180220000;Cota-Parte da Compensação Financeira de Recursos Minerais - CFEM;200571;4593,32;30380,59;8207,26;12596,07;12451,98;5659,99;8545,35;28177,82;16347,89;22890,26;14230,17;13609,54;177690,24
38;100;17180221000;Cota-Parte da Compensação Financeira de Recursos Minerais - CFEM - Principal;200571;4593,32;30380,59;8207,26;12596,07;12451,98;5659,99;8545,35;28177,82;16347,89;22890,26;14230,17;13609,54;177690,24
;;17180260000;Cota-Parte do Fundo Especial de Petróleo - FEP;5934125;561848,33;598512,14;632844,45;538206,91;591007,4;649788,98;781599,19;759398,1;795789,81;762749,29;964484,26;887128,34;8523357,2
39;100;17180261000;Cota-Parte do Fundo Especial de Petróleo - FEP - Principal;5934125;561848,33;598512,14;632844,45;538206,91;591007,4;649788,98;781599,19;759398,1;795789,81;762749,29;964484,26;887128,34;8523357,2
;;17180300000;Transferência de Recursos do Sistema Único de Saúde - SUS - Repasse Fundo a Fundo;340734463;24855899,85;28030828,33;28982395,96;32648887,2;29343963,2;27433972,01;47982343,68;28863796,06;27454212,39;28091272;31403428,01;71946171,57;407037170,26
;;17180310000;Transferência de Recursos do Sistema Único de Saúde - SUS - Repasse Fundo a Fundo;340734463;24855899,85;28030828,33;28982395,96;32648887,2;29343963,2;27433972,01;47982343,68;28863796,06;27454212,39;28091272;31403428,01;71946171,57;407037170,26
;;17180311000;Transferência de Recursos do Sistema Único de Saúde - SUS - Repasse Fundo a Fundo - Principal;340734463;24855899,85;28030828,33;28982395,96;32648887,2;29343963,2;27433972,01;47982343,68;28863796,06;27454212,39;28091272;31403428,01;71946171,57;407037170,26
2;100;17180311001;Teto Municipal da Média e Alta Complexidade Ambulatorial e Hospitalar -  MAC;210397802;17929351,67;17818888,31;18411143,66;18208224,28;18077538,85;18105106,35;17638026,26;17339409,5;17968138,25;18122363,28;17290149,76;17463129,6;214371469,77
3;100;17180311002;FAEC SIA - Nefrologia - MAC;19707883;1999084,09;1969693,61;1962099,82;1743051,05;2110370,2;1968150,33;1724316,28;2101582,8;1971934,9;1968294,87;1917427,96;3464105,76;24900111,67
4;100;17180311003;Outros Recursos do FAEC - MAC;2267452;0;218642,8;302543,48;89762,65;16079,52;0;34871,99;13192;15109,15;16977,63;3298;7446;717923,22
5;100;17180311005;Teto Municipal Melhor em Casa;25374799;0;0;0;0;0;0;0;0;0;0;0;0;0
6;100;17180311006;Teto Municipal Rede Brasil sem Miséria (BSOR-SM) - MAC;7833440;0;0;0;0;0;0;0;0;0;0;0;0;0
7;100;17180311007;Teto Municipal Rede de Urgência (RAU-HOSP) - MAC;11501677;0;0;0;0;0;0;0;0;0;0;0;0;0
8;100;17180311008;Teto Municipal Rede de Urgência (RAU-SOS) - MAC;429479;0;0;0;0;0;0;0;0;0;0;0;0;0
9;110;17180311009;Teto Municipal Rede Prevenção e Diagnóstico do Tratamento do Câncer de Colo de Mama (RCA-RCAN) - MAC;1476000;0;0;0;0;0;0;0;0;0;0;0;0;0
10;110;17180311010;Teto Municipal Rede Saúde Mental (RSME) - MAC;1912758;0;0;0;0;0;0;0;0;0;0;0;0;0
11;100;17180311011;Teto Municipal Rede Viver sem Limites (RDEF);51859;0;0;0;0;0;0;0;0;0;0;0;0;0
12;100;17180311012;Serviço de Atendimento Móvel às Urgências SAMU 192 (RAU-SAMU) Municipal - MAC;6015385;490717,5;490717,5;490717,5;490717,5;490717,5;490717,5;490717,5;490717,5;405405;405405;405405;405405;5547360
13;100;17180311014;CEO -Centro de Especialidades Odontológicas - Municipal - MAC;588150;0;0;0;0;0;0;0;0;0;0;0;0;0
14;100;17180311024;Programa de Melhoria do Acesso e da Qualidade - PMAQ (RAB-PMAQ-SM) - AB;1630460;0;0;0;0;0;0;0;0;0;0;0;0;0
15;100;17180311027;Piso Fixo de Vigilância em Saúde (PFVS) Parcela - VS;9753711;0;923270,86;565355,7;0;538434;511512,3;967770,86;538434;538434;538434;1023024,6;511512,3;6656182,62
16;100;17180311029;Incentivos às Ações de Vig. Prev. E Cont. das DST/AIDS e Hepatite Virais (PVVS) - VS;1082545;0;0;278297,88;92765,96;0;185531,92;92765,96;92765,96;92765,96;92765,96;92765,96;185531,92;1205957,48
17;100;17180311030;Inc. para Implant. E Manut. Ações de Serviços Públicos Estratégicos de Vigilância (PVVS) - VS;2122403;0;0;0;538434;7000;0;0;0;0;0;0;0;545434
18;100;17180311031;Incentivos Pontuais para Ações de Serviço de Vigilância em Saúde (IPVS);1294533;0;1163225,75;0;431758,56;431758,56;24500;0;0;24500;0;78343,4;483180,26;2637266,53
19;100;17180311033;Piso Fixo de Vigilância Sanitária - Parte ANVISA - Parcela - VS;499062;0;0;54146,75;0;0;0;0;327560,4;0;0;272967;54593,4;709267,55
20;110;17180311035;Programa de Assistência Farmacêutica Básica - Parcelas - AF;5095633;0;503564,78;503564,75;503564,78;503564,78;503564,78;503564,78;503564,78;503564,78;1007129,56;503564,78;503564,78;6042777,33
21;100;17180311036;Programa Farmácia Popular do Brasil - AF;159132;0;0;0;0;0;0;0;0;0;0;0;0;0
22;100;17180311041;Outros Recursos do Bloco de Vigilância em Saúde;2255000;0;0;456258,56;0;0;26921,7;458680,26;456258,56;431758,56;24500;431758,56;994692,56;3280828,76
23;100;17180311042;Construção de Polos de Academia de Saúde - I;410000;0;0;0;0;0;0;0;0;0;0;0;0;0
24;100;17180311043;Saúde Mental - CAPS;3898007;0;0;0;0;0;0;0;0;0;0;0;0;0
25;100;17180311044;Incentivo da Rede de Urgência e Emergência;7499163;0;0;0;0;0;0;0;0;0;0;0;0;0
26;100;17180311045;Incentivo da Rede Cegonha;3220543;0;0;0;0;0;0;0;0;0;38465,28;0;0;38465,28
27;100;17180311046;Outros Recursos de Média e Alta Complexidade;1500976;830706,87;331023,3;1746927,44;6326316,66;1305706,87;1308304,21;21905706,87;1305706,87;1305706,87;1305706,87;5132094;19752094;62556000,83
28;100;17180311047;Ações Contingenciais de Vigilância em Saúde (PVVS);194694;0;0;0;0;0;0;0;0;0;0;0;0;0
29;100;17180311048;Outros Incentivos da Vigilancia em Saúde;195666;0;0;24500;24500;0;0;0;1450708,77;0;431758,56;0;0;1931467,33
30;100;17180311049;Qualificação da Gestão do SUS;380802;0;0;0;0;0;0;0;0;33000;0;0;0;33000
31;100;17180311050;Incentivo de Investimento para a Assistência Farmacêutica;926480;0;0;0;0;0;0;0;0;0;0;0;0;0
32;100;17180311051;Incentivo para Construção e Ampliação de Unid. Básica de Saúde;381050;0;0;0;0;0;0;0;0;0;0;0;0;0
33;100;17180311052;Incentivo para Aquisição de Equipamentos Para Unidades de Saúde;3571488;0;0;0;0;0;0;0;0;0;0;0;0;0
34;100;17180311053;Incentivo para Ampliação e Construção de UPA;1826996;0;0;0;0;0;0;0;0;0;0;0;0;0
35;100;17180311054;Incentivo para Aquisição de Equipamentos para Unidades de Saúde Especializada;5279435;0;0;0;0;0;0;0;0;0;0;0;19999974;19999974
60;100;17180311055;PAB FIXO - AB;0;3606039,72;3564339,42;3564427,42;3576210,26;3585411,42;3578225,42;2075625,42;3579415,42;2075625,42;2075625,42;2075625,42;2075625,42;35432196,18
61;100;17180311056;AGENTES COMUNITARIOS DE SAUDE - ACS  - AB;0;0;1047462;524238;528294;528294;532350;536406;535392;535392;544518;546546;1639638;7498530
62;100;17180311057;ASSISTENCIA FINANCEIRA COMPLEMENTAR - ACS - 95 POR CENTO - AB;0;0;0;0;0;0;0;0;0;0;0;0;0;0
63;100;17180311058;EQUIPES DE CONSULTORIOS NA RUA (RSM-CRAC-SM) - AB;0;0;0;0;0;0;0;0;0;0;0;0;0;0
64;100;17180311059;FORTALEC. DE POL. AFETAS A ATUACAO DA ESTRATEGIA DE ACS - 5 POR CENTO - AB;0;0;0;0;0;0;0;0;0;0;0;0;0;0
65;100;17180311060;INCENTIVO ADICIONAL AO PROGRAMA DE ACS - AB;0;0;0;0;0;0;0;0;0;0;0;0;0;0
66;100;17180311061;INCENTIVO DE IMPLANTACAO AOS NUCLEOS DE APOIO A SAUDE DA FAMILIA-NASF - AB;0;0;0;0;0;0;0;0;0;0;0;0;0;0
67;100;17180311062;NUCLEOS DE APOIO A SAUDE DA FAMILIA - NASF - AB;0;0;0;0;0;0;0;0;0;0;0;0;0;0
68;100;17180311063;SAÚDE NA ESCOLA - AB;0;0;0;0;0;0;0;0;0;0;0;0;0;0
69;100;17180311065;SAUDE DA FAMILIA - SF - AB;0;0;0;0;0;0;0;0;0;0;0;0;0;0
70;100;17180311066;OUTROS RECURSOS DO BLOCO DE ATENÇÃO BÁSICA - AB;0;0;0;98175;95287,5;1749087,5;199087,5;1553891,5;129087,5;1552877,5;1519327,57;1630457,57;4405678,57;12932957,71
;;17180400000;Transferências dos Recursos do Fundo Nacional de Assistência Social - FNAS;17859339;0;736651,26;1487281,47;3982827,59;820950,39;951208,79;667434,38;2043608,09;652900;669302,33;877370,12;2037694,16;14927228,58
;;17180410000;Transferências dos Recursos do Fundo Nacional de Assistência Social - FNAS;17859339;0;736651,26;1487281,47;3982827,59;820950,39;951208,79;667434,38;2043608,09;652900;669302,33;877370,12;2037694,16;14927228,58
1;100;17180411000;Transferências dos Recursos do Fundo Nacional de Assistência Social - FNAS - Principal;17859339;0;736651,26;1487281,47;3982827,59;820950,39;951208,79;667434,38;2043608,09;652900;669302,33;877370,12;2037694,16;14927228,58
;;17180500000;Transferências de Recursos do Fundo Nacional de Desenvolvimento da Educação - FNDE;41462636;589955,7;732545,24;1415769,14;749483,25;3597961,17;472201,86;776757,26;1130154,29;2794252,3;8032169,13;3161851,91;2642179,48;26095280,73
;;17180510000;Transferências do Salário-Educação;5450505;589955,7;732545,24;431911,86;410203,13;366595,24;472201,86;420896,46;458627,09;379001,33;395788,33;640207,31;436016,59;5733950,14
40;100;17180511000;Transferências do Salário-Educação - Principal;5450505;589955,7;732545,24;431911,86;410203,13;366595,24;472201,86;420896,46;458627,09;379001,33;395788,33;640207,31;436016,59;5733950,14
;;17180520000;Transferências Diretas do FNDE referentes ao Programa Dinheiro Direto na Escola - PDDE;0;0;0;0;0;0;0;0;0;0;0;0;0;0
;;17180530000;Transferências Diretas do FNDE referentes ao Programa Nacional de Alimentação Escolar - PNAE;12168829;0;0;0;0;0;0;0;671527,2;1903459,6;7636380,8;2521644,6;53342,2;12786354,4
41;100;17180531000;Transferências Diretas do FNDE referentes ao Programa Nacional de Alimentação Escolar - PNAE - Principal;12168829;0;0;0;0;0;0;0;671527,2;1903459,6;7636380,8;2521644,6;53342,2;12786354,4
;;17180540000;Transferências Diretas do FNDE referentes ao Programa Nacional de Apoio ao Transporte Escolar - PNATE;606000;0;0;0;0;0;0;0;0;0;0;0;0;0
42;100;17180541000;Transferências Diretas do FNDE referentes ao Programa Nacional de Apoio ao Transporte Escolar - PNATE;606000;0;0;0;0;0;0;0;0;0;0;0;0;0
;;17180590000;Outras Transferências Diretas do Fundo do Desenvolvimento da Educação - FNDE;23237302;0;0;983857,28;339280,12;3231365,93;0;355860,8;0;511791,37;0;0;2152820,69;7574976,19
43;100;17180591000;Outras Transferências Diretas do Fundo do Desenvolvimento da Educação - FNDE - Principal;23237302;0;0;983857,28;339280,12;3231365,93;0;355860,8;0;511791,37;0;0;2152820,69;7574976,19
;;17180600000;Transferência Financeira do ICMS - Desoneração - L.C nº 87/1996;2613997;216976,25;216976,25;216976,25;216976,25;216976,25;216976,25;216976,25;216976,25;216976,25;216976,25;216976,25;216976,25;2603715
;;17180610000;Transferência Financeira do ICMS - Desoneração - L.C nº 87/1996;2613997;216976,25;216976,25;216976,25;216976,25;216976,25;216976,25;216976,25;216976,25;216976,25;216976,25;216976,25;216976,25;2603715
44;100;17180611000;Transferência Financeira do ICMS - Desoneração - L.C nº 87/1996 - Principal;2613997;216976,25;216976,25;216976,25;216976,25;216976,25;216976,25;216976,25;216976,25;216976,25;216976,25;216976,25;216976,25;2603715
;;17181000000;Transferências de Convênios da União e de Suas Entidades;43436643;1037423,18;40592,15;0;0;0;948850,03;0;0;0;0;438700;179100;2644665,36
;;17181010000;Transferências de Convênios da União para o Sistema Único de Saúde - SUS;15395954;0;0;0;0;0;0;0;0;0;0;0;0;0
45;100;17181011000;Transferências de Convênios da União para o Sistema Único de Saúde - SUS - Principal;15395954;0;0;0;0;0;0;0;0;0;0;0;0;0
;;17181020000;Transferências de Convênios da União Destinadas a Programas de Educação;2298436;0;0;0;0;0;0;0;0;0;0;0;0;0
46;100;17181021000;Transferências de Convênios da União Destinadas a Programas de Educação - Principal;2298436;0;0;0;0;0;0;0;0;0;0;0;0;0
;;17181030000;Transferências de Convênios da União Destinadas a Programas de Assistência Social;400000;0;0;0;0;0;0;0;0;0;0;0;0;0
2;100;17181031000;Transferências de Convênios da União Destinadas a Programas de Assistência Social - Principal;400000;0;0;0;0;0;0;0;0;0;0;0;0;0
;;17181040000;Transferências de Convênios da União Destinadas a Programas de Combate à Fome;0;0;0;0;0;0;0;0;0;0;0;0;0;0
;;17181050000;Transferências de Convênios da União Destinadas a Programas de Saneamento Básico;13984989;1037423,18;0;0;0;0;0;0;0;0;0;0;0;1037423,18
47;100;17181051000;Transferências de Convênios da União Destinadas a Programas de Saneamento Básico - Principal;13984989;1037423,18;0;0;0;0;0;0;0;0;0;0;0;1037423,18
;;17181090000;Outras Transferências de Convênios da União;11357264;0;40592,15;0;0;0;948850,03;0;0;0;0;438700;179100;1607242,18
48;100;17181091000;Outras Transferências de Convênios da União - Principal;11357264;0;40592,15;0;0;0;948850,03;0;0;0;0;438700;179100;1607242,18
;;17189900000;Outras Transferências da União;1810583;673226,48;0;0;0;0;0;0;0;0;0;0;0;673226,48
;;17189910000;Outras Transferências da União;1810583;673226,48;0;0;0;0;0;0;0;0;0;0;0;673226,48
;100;17189911000;Outras Transferências da União;1810583;673226,48;0;0;0;0;0;0;0;0;0;0;0;673226,48
91;100;17189911001;Transferências Patrimoniais - Lei 13240/2015 ;0;673226,48;0;0;0;0;0;0;0;0;0;0;0;673226,48
49;100;17189911002;COTA PARTE DO AUXILIO FINANCEIRO PARA FOMENTO DAS EXPORTAÇÕES - FEX;1810583;0;0;0;0;0;0;0;0;0;0;0;0;0
;;17200000000;Transferências dos Estados e do Distrito Federal e de Suas Entidades;610023650;48316676,5;51756384,07;65728591,83;49798471,32;48667623,32;53539450,92;48816869,03;53375920,08;56908247,03;46115370,49;54674462,71;56384887,34;634082954,64
;;17200000000;Transferências dos Estados e do Distrito Federal e de suas Entidades;1042000;0;0;0;0;0;0;0;840000;0;40000;0;0;880000
;;17280000000;Transferências dos Estados - Específica E/M;611065650;48316676,5;51756384,07;65728591,83;49798471,32;48667623,32;53539450,92;48816869,03;54215920,08;56908247,03;46155370,49;54674462,71;56384887,34;634962954,64
;;17280100000;Participação da Receita dos Estados;593125145;48316676,5;50840337,11;65285062,37;49354941,86;48667623,32;53508000,93;48467437,66;52932390,62;56464717,57;46115370,49;54438203,96;56148628,59;630539390,98
;;17280110000;Cota-Parte do ICMS;501737720;42277754,4;37730904,46;37885265,87;37837798,41;38459046,47;47705179,21;44544291,52;49247725,81;53195031,8;43505239,81;52240305,82;51876383,24;536504926,82
50;100;17280111000;Cota-Parte do ICMS - Principal;501737720;42277754,4;37730904,46;37885265,87;37837798,41;38459046,47;47705179,21;44544291,52;49247725,81;53195031,8;43505239,81;52240305,82;51876383,24;536504926,82
;;17280120000;Cota-Parte do IPVA;85355159;5177078,75;12640792,52;27064501,87;10688736,83;9783277,31;5412923,87;3098383,21;3259599,67;2844681,26;1999829,17;1783751,45;3773213,32;87526769,23
51;100;17280121000;Cota-Parte do IPVA - Principal;85355159;5177078,75;12640792,52;27064501,87;10688736,83;9783277,31;5412923,87;3098383,21;3259599,67;2844681,26;1999829,17;1783751,45;3773213,32;87526769,23
;;17280130000;Cota-Parte do IPI - Municípios;4851920;459383,18;468640,13;335294,63;472876,54;425299,54;389897,85;470171,89;425065,14;425004,51;431376,09;414146,69;499032,03;5216188,22
52;100;17280131000;Cota-Parte do IPI - Municípios - Principal;4851920;459383,18;468640,13;335294,63;472876,54;425299,54;389897,85;470171,89;425065,14;425004,51;431376,09;414146,69;499032,03;5216188,22
;;17280140000;Cota-Parte da Contribuição de Intervenção no Domínio Econômico;1180346;402460,17;0;0;355530,08;0;0;354591,04;0;0;178925,42;0;0;1291506,71
53;100;17280141000;Cota-Parte da Contribuição de Intervenção no Domínio Econômico - Principal;1180346;402460,17;0;0;355530,08;0;0;354591,04;0;0;178925,42;0;0;1291506,71
;;17280150000;Outras Participações na Receita dos Estados;0;0;0;0;0;0;0;0;0;0;0;0;0;0
;;17280190000;Outras Transferências dos Estados;0;0;0;0;0;0;0;0;0;0;0;0;0;0
;;17280300000;Transferência de Recursos do Estado para Programas de Saúde - Repasse Fundo a Fundo;11252138;0;916046,96;443529,46;443529,46;0;0;21000;443529,46;443529,46;0;236258,75;236258,75;3183682,3
;;17280310000;Transferência de Recursos do Estado para Programas de Saúde - Repasse Fundo a Fundo;11252138;0;916046,96;443529,46;443529,46;0;0;21000;443529,46;443529,46;0;236258,75;236258,75;3183682,3
;;17280311000;Transferência de Recursos do Estado para Programas de Saúde - Repasse Fundo a Fundo - Principal;11252138;0;916046,96;443529,46;443529,46;0;0;21000;443529,46;443529,46;0;236258,75;236258,75;3183682,3
36;100;17280311001;Termo Parceria F Báscia - SES;3553486;0;207270,71;207270,71;207270,71;0;0;0;207270,71;207270,71;0;0;0;1036353,55
37;100;17280311005;FMS SLUIS SAMU FES Estadual;2944305;0;708776,25;236258,75;236258,75;0;0;0;236258,75;236258,75;0;236258,75;236258,75;2126328,75
38;100;17280311007;FMS FES-MA Hospital da Criança;4754347;0;0;0;0;0;0;0;0;0;0;0;0;0
130;127;17280311008;CUSTEIO PARA AÇÃO DE ASSISTÊNCIA À SAÚDE NA UNIDADE MISTA DO BEQUIMÃO;0;0;0;0;0;0;0;21000;0;0;0;0;0;21000
131;127;17280311009;Outros repasses do estado Fundo a Fundo;0;0;0;0;0;0;0;0;0;0;0;0;0;0
;;17281000000;Transferência de Convênios dos Estados e do Distrito Federal e de Suas Entidades;1042000;0;0;0;0;0;31449,99;0;840000;0;40000;0;0;911449,99
;;17281010000;Transferências de Convênio dos Estados para o Sistema Único de Saúde - SUS;0;0;0;0;0;0;0;0;0;0;0;0;0;0
;;17281020000;Transferências de Convênio dos Estados Destinados a Programas de Educação;0;0;0;0;0;0;31449,99;0;0;0;0;0;0;31449,99
105;113;17281021000;Transferências de Convênio dos Estados Destinados a Programas de Educação - Principal;0;0;0;0;0;0;31449,99;0;0;0;0;0;0;31449,99
;;17281021000;Transferências de Convênio dos Estados Destinados a Programas de Educação - Principal;0;0;0;0;0;0;0;0;0;0;0;0;0;0
;;17281030000;Transferência de Recursos do Estado para Programas de Assistência Social - Repasse Fundo a Fundo;1042000;0;0;0;0;0;0;0;840000;0;40000;0;0;880000
3;100;17281031000;Transferência de Recursos do Estado para Programas de Assistência Social - Principal;1042000;0;0;0;0;0;0;0;840000;0;40000;0;0;880000
;;17281090000;Outras Transferências de Convênio dos Estados;0;0;0;0;0;0;0;0;0;0;0;0;0;0
;;17289900000;Outras Transferências dos Estados;5646367;0;0;0;0;0;0;328431,37;0;0;0;0;0;328431,37
;;17289910000;Outras Transferências dos Estados;5646367;0;0;0;0;0;0;328431,37;0;0;0;0;0;328431,37
;;17289911000;Outras Transferências dos Estados - Principal;5646367;0;0;0;0;0;0;0;0;0;0;0;0;0
106;113;17289911000;Outras Transferências dos Estados - Principal;0;0;0;0;0;0;0;328431,37;0;0;0;0;0;328431,37
39;100;17289911014;Recursos Contrapartida para o SAMU;3007706;0;0;0;0;0;0;0;0;0;0;0;0;0
40;100;17289911015;Recursos de Contrapartida para a Assistência Farmacêutica;2638661;0;0;0;0;0;0;0;0;0;0;0;0;0
;;17400000000;Transferências de Instituições Privadas;281996;0;0;0;0;0;0;0;0;0;0;0;0;0
;;17480000000;Transferências de Instituições Privadas - Específicas E/M;281996;0;0;0;0;0;0;0;0;0;0;0;0;0
;;17481000000;Transferências de Convênios de Instituições Privadas;281996;0;0;0;0;0;0;0;0;0;0;0;0;0
;;17481010000;Transferências de Convênios de Instituições Privadas;281996;0;0;0;0;0;0;0;0;0;0;0;0;0
54;100;17481011000;Transferências de Convênios de Instituições Privadas - Principal;281996;0;0;0;0;0;0;0;0;0;0;0;0;0
;;17500000000;Transferências de Outras Instituições Públicas;362457296;15558590,22;67056971,64;26719728,08;14516967,29;37266811,87;28793289,14;25046336,38;27475835,71;25848294,4;25453278,46;28434478,62;30475804,59;352646386,4
;;17580000000;Transferências de Outras Instituições Públicas;362457296;15558590,22;67056971,64;26719728,08;14516967,29;37266811,87;28793289,14;25046336,38;27475835,71;25848294,4;25453278,46;28434478,62;30475804,59;352646386,4
;;17580100000;Transferências de Recursos do Fundo de Manutenção e Desenvolvimento da Educação Básica e de Valores dos Profissionais da Educação - FUNDEB;362457296;15558590,22;67056971,64;26719728,08;14516967,29;37266811,87;28793289,14;25046336,38;27475835,71;25848294,4;25453278,46;28434478,62;30475804,59;352646386,4
;;17580110000;Transferências de Recursos do Fundo de Manutenção e Desenvolvimento da Educação Básica e de Valores dos Profissionais da Educação - FUNDEB;169309727;15558590,22;18185089,34;14789030,3;14516967,29;16582020,51;16862591,36;13115638,6;15545137,93;13917596,62;13522580,68;16503780,84;18546042,23;187645065,92
;;17580111000;Transferências de Recursos do Fundo de Manutenção e Desenvolvimento da Educação Básica e de Valores dos Profissionais da Educação - FUNDEB - Principal;169309727;15558590,22;18185089,34;14789030,3;14516967,29;16582020,51;16862591,36;13115638,6;15545137,93;13917596,62;13522580,68;16503780,84;18546042,23;187645065,92
2;100;17580111001;Cota-Parte - FPM;105394691;9587431,56;12472554,39;8425687,19;8827070,26;10834224,92;10108251,95;6888147,18;8684437,63;6553700,01;7457822,24;9340041,55;11354638,8;110534007,68
3;100;17580111003;Cota-Parte - ITR;44043;4038,46;1093,02;906,77;560,03;702,8;1028,16;1197,41;1035,31;5647,74;48623,78;3177,3;3807,21;71817,99
4;100;17580111005;Cota-Parte - ICMS;58133868;5594340,35;5038210,36;5062335,98;5056145,57;5133019,16;6359895,84;5931989,17;6559991,44;7077524,59;5798801,14;6952297,35;6867909,01;71432459,96
5;100;17580111007;Cota-Parte - IPI;537255;60460,74;61679,05;51443,28;54922,41;55974,88;61467,94;51727,3;55943,99;55936,04;56774,63;54507;65678,01;686515,27
6;100;17580111009;Cota-Parte - IPVA;4709428;277698,35;571108,36;1204926,93;540907,87;513743,72;291390,06;208244,58;197715,97;176048,87;119462,78;113823,59;184084,65;4399155,73
7;100;17580111011;Cota-Parte - Desoneração L.C. 87/1996;345034;28556,81;28556,81;28556,81;28556,81;28556,81;28556,81;28556,81;28556,81;28556,81;28556,81;28556,81;28554,57;342679,48
8;100;17580111013;Cota-Parte - ITCMD;145408;6063,95;11887,35;15173,34;8804,34;15798,22;12000,6;5776,15;17456,78;20182,56;12539,3;11377,24;41369,98;178429,81
;;17580120000;Transferências de Recursos da Complementação da União ao Fundo de Manutenção e Desenvolvimento da Educação Básica e de Valores dos Profissionais da Educação - FUNDEB;193147569;0;48871882,3;11930697,78;0;20684791,36;11930697,78;11930697,78;11930697,78;11930697,78;11930697,78;11930697,78;11929762,36;165001320,48
9;100;17580121000;Transferências de Recursos da Complementação da União ao Fundo de Manutenção e Desenvolvimento da Educação Básica e de Valores dos Profissionais da Educação - FUNDEB - Principal;193147569;0;48871882,3;11930697,78;0;20684791,36;11930697,78;11930697,78;11930697,78;11930697,78;11930697,78;11930697,78;11929762,36;165001320,48
;;17589900000;Outras Transferências Multigovernamentais;0;0;0;0;0;0;0;0;0;0;0;0;0;0
;;17589910000;Outras Transferências Multigovernamentais;0;0;0;0;0;0;0;0;0;0;0;0;0;0
;;17700000000;Transferências de Pessoas Físicas;0;0;0;0;0;0;0;0;0;0;0;0;0;0
;;17700010000;Transferências de Pessoas Físicas;0;0;0;0;0;0;0;0;0;0;0;0;0;0
;;19000000000;Outras Receitas Correntes;79250390;2211862,32;1334828,31;1127587,97;1291457,04;1594600,3;1336665,83;1949601,9;1962756,08;1988675,46;1781873,97;2349287,78;2658315,43;21587512,39
;;19100000000;Multas Administrativas, Contratuais e Judiciais;12665017;787628,34;402307,93;484792,45;570371,83;937893,13;677039,92;574499,78;612164,69;645280,9;685221,62;516780,88;861313,45;7755294,92
;;19100100000;Multas Previstas em Legislação Específica;12404361;780733,84;400607,93;477165,45;547892,83;928898,3;642489,92;563399,78;606564,69;542777,94;682250,67;505280,88;841724,29;7519786,52
;;19100110000;Multas Previstas em Legislação Específica;12404361;780733,84;400607,93;477165,45;547892,83;928898,3;642489,92;563399,78;606564,69;542777,94;682250,67;505280,88;841724,29;7519786,52
;;19100111000;Multas Previstas em Legislação Específica - Principal;12235406;776573,79;397820,2;473708,06;540648,89;926131,76;594604,13;558384,13;597393,42;535930,81;668863,32;497290,46;830575,82;7397924,79
;100;19100111000;Multas Previstas em Legislação Específica - Principal;168955;4160,05;2787,73;3457,39;7243,94;2766,54;47885,79;5015,65;9171,27;6847,13;13387,35;7990,42;11148,47;121861,73
8;100;19100111001;Prevista na Legislação de Trânsito;12180220;776573,79;397820,2;473708,06;540648,89;926131,76;594604,13;558384,13;597393,42;535930,81;668863,32;497290,46;830575,82;7397924,79
9;100;19100111003;Por Auto de Infração;55186;0;0;0;0;0;0;0;0;0;0;0;0;0
55;100;19100111004;Multas e Juros de Outras Origens;64737;2147,76;784,76;2946,78;3923,79;2746,65;46463,57;4284,76;7892,38;5784,78;12588,57;6392,4;11088,57;107044,77
56;100;19100111005;Por Construção/Postura;104218;2012,29;2002,97;510,61;3320,15;19,89;1422,22;730,89;1278,89;1062,35;798,78;1598,02;59,9;14816,96
;;19100600000;Multas por Danos Ambientais;260656;6894,5;1700;7627;22479;8994,83;34550;11100;5600;102502,96;2970,95;11500;19589,16;235508,4
;;19100610000;Multas Administrativas por Danos Ambientais;260656;6894,5;1700;7627;22479;8994,83;34550;11100;5600;102502,96;2970,95;11500;19589,16;235508,4
57;100;19100611000;Multas Administrativas por Danos Ambientais - Principal;260656;6894,5;1700;7627;22479;8994,83;34550;11100;5600;102502,96;2970,95;11500;19589,16;235508,4
;;19100620000;Multas Judiciais por Danos Ambientais;0;0;0;0;0;0;0;0;0;0;0;0;0;0
;;19100900000;Multas e Juros Previstos em Contratos;0;0;0;0;0;0;0;0;0;0;0;0;0;0
;;19100910000;Multas e Juros Previstos em Contratos;0;0;0;0;0;0;0;0;0;0;0;0;0;0
;;19200000000;Indenizações, Restituições e Rerssarcimentos;0;0;0;0;0;0;0;0;0;0;0;0;0;0
;;19210000000;Indenizações;0;0;0;0;0;0;0;0;0;0;0;0;0;0
;;19210100000;Indenizações por Danos Causados ao Patrimônio Público;0;0;0;0;0;0;0;0;0;0;0;0;0;0
;;19210110000;Indenizações por Danos Causados ao Patrimônio Público;0;0;0;0;0;0;0;0;0;0;0;0;0;0
;;19210200000;Indenização por Posse ou Ocupação Ilícita de Bens Públicos;0;0;0;0;0;0;0;0;0;0;0;0;0;0
;;19210210000;Indenização por Posse ou Ocupação Ilícita de Bens Públicos;0;0;0;0;0;0;0;0;0;0;0;0;0;0
;;19210300000;Indenização por Sinistro;0;0;0;0;0;0;0;0;0;0;0;0;0;0
;;19210310000;Indenização por Sinistro;0;0;0;0;0;0;0;0;0;0;0;0;0;0
;;19219900000;Outras Indenizações;0;0;0;0;0;0;0;0;0;0;0;0;0;0
;;19219910000;Outras Indenizações;0;0;0;0;0;0;0;0;0;0;0;0;0;0
;;19220000000;Restituições;0;0;0;0;0;0;0;0;0;0;0;0;0;0
;;19220100000;Restituição de Convênios;0;0;0;0;0;0;0;0;0;0;0;0;0;0
;;19220110000;Restituição de Convênios - Primárias;0;0;0;0;0;0;0;0;0;0;0;0;0;0
;;19220120000;Restituição de Convênios - Financeiras;0;0;0;0;0;0;0;0;0;0;0;0;0;0
;;19220600000;Restituição de Despesas de Exercícios Anteriores;0;0;0;0;0;0;0;0;0;0;0;0;0;0
;;19220610000;Restituição de Despesas de Exercícios Anteriores;0;0;0;0;0;0;0;0;0;0;0;0;0;0
100;100;19220611000;Restituição de Despesas de Exercícios Anteriores - Principal;0;0;0;0;0;0;0;0;0;0;0;0;0;0
;;19220800000;Restituição de Garantias Prestadas;0;0;0;0;0;0;0;0;0;0;0;0;0;0
;;19220810000;Restituição de Garantias Prestadas;0;0;0;0;0;0;0;0;0;0;0;0;0;0
;;19229900000;Outras Restituições;0;0;0;0;0;0;0;0;0;0;0;0;0;0
;;19229910000;Outras Restituições;0;0;0;0;0;0;0;0;0;0;0;0;0;0
;;19900000000;Demais Receitas Correntes;66585373;1424233,98;932520,38;642795,52;721085,21;656707,17;659625,91;1375102,12;1350591,39;1343394,56;1096652,35;1832506,9;1797001,98;13832217,47
;;19900100000;Aportes Periódicos para Amortização de Défcit Atuarial do RPPS;0;0;0;0;0;0;0;0;0;0;0;0;0;0
;;19900110000;Aportes Periódicos para Amortização de Défcit Atuarial do RPPS;0;0;0;0;0;0;0;0;0;0;0;0;0;0
;;19900300000;Compensações Financeiras entre Regime Geral e os Regimes Próprios de Previdência dos Servidores;4128923;262788,7;236200,25;98921,65;0;0;0;983745,38;1041867,99;460170,08;211182,07;216870,17;1855872,68;5367618,97
;;19900310000;Compensações Financeiras entre Regime Geral e os Regimes Próprios de Previdência dos Servidores;4128923;262788,7;236200,25;98921,65;0;0;0;983745,38;1041867,99;460170,08;211182,07;216870,17;1855872,68;5367618,97
11;100;19900311000;Compensações Financeiras entre Regime Geral e os Regimes Próprios de Previdência dos Servidores - Principal;4128923;262788,7;236200,25;98921,65;0;0;0;983745,38;1041867,99;460170,08;211182,07;216870,17;1855872,68;5367618,97
;;19901200000;Encargos Legais pela Inscrição em Dívida Ativa e Receitas de Ônus de Sucumbência;354500;66046,03;16509,88;40416,53;73586,95;31297,98;35464,16;88211,55;34159,12;26839,19;36579,44;32094,01;7113,37;488318,21
;;19901220000;Ônus de Sucumbência;354500;66046,03;16509,88;40416,53;73586,95;31297,98;35464,16;88211,55;34159,12;26839,19;36579,44;32094,01;7113,37;488318,21
;;19901221000;Ônus e Sucumbência - Principal;354500;66046,03;16509,88;40416,53;73586,95;31297,98;35464,16;88211,55;34159,12;26839,19;36579,44;32094,01;7113,37;488318,21
58;100;19901221001;Honorários Advocatícios;354500;66046,03;16509,88;40416,53;73586,95;31297,98;35464,16;88211,55;34159,12;26839,19;36579,44;32094,01;7113,37;488318,21
;;19909900000;Outras Receitas;62101950;1095399,25;679810,25;503457,34;647498,26;625409,19;624161,75;303145,19;274564,28;856385,29;848890,84;1583542,72;-65984,07;7976280,29
;;19909910000;Outras Receitas - Primárias;62101950;1095399,25;679810,25;503457,34;647498,26;625409,19;624161,75;303145,19;274564,28;856385,29;848890,84;1583542,72;-65984,07;7976280,29
;;19909911000;Outras Receitas - Primárias - Principal;7478639;0;0;0;0;0;0;0;0;0;0;0;0;0
59;100;19909911000;Outras Receitas - Primárias – Principal;0;4608,32;3635,77;125084,4;7318,39;19572,1;17106,52;7328,56;9752,24;8834,22;8226,52;9521,36;8774,35;229762,75
59;100;19909911000;Outras Receitas - Primárias - Principal;46063911;1012381,41;292093,14;313808,57;320854,46;500448,71;268805,52;112065,61;-56396,76;359720,25;165334,61;1387213,3;-314451,38;4361877,44
59;100;19909911001;Receita por Falta de Servidores;7478639;0;0;0;0;0;0;0;0;0;0;0;0;0
60;100;19909911001;Receita por Falta de Servidores;1743663;76945,92;248866,9;15989,67;312032,14;104052,25;287362,65;139483,73;277416,5;379550,21;206844,17;139475,89;190699,56;2378719,59
101;100;19909911003;Receitas de Retenção de Valores Consignados;0;0;5545,5;0;5548,5;0;5428,5;0;0;0;0;0;0;16522,5
61;100;19909911005;Receita de Recursos da LC 151/2015;6815737;0;0;1681,98;0;0;425,17;0;108,36;0;0;0;0;2215,51
99;100;19909911007;Outras Receitas Diversas;0;1463,6;129668,94;46892,72;1744,77;1336,13;45033,39;44267,29;43683,94;108280,61;468485,54;47332,17;48993,4;987182,5
;;20000000000;Receitas de Capital;73773317;0;0;0;1182,43;2687060,29;8255463,72;0;698755,81;0;1451657,87;758306,47;2950588,27;16803014,86
;;21000000000;Operações de Crédito;50743780;0;0;0;0;2687060,29;8207611;0;698755,81;0;1197006,17;0;0;12790433,27
;;21100000000;Operações de Crédito;25648036;0;0;0;0;1427501,2;8207611;0;698755,81;0;1197006,17;0;0;11530874,18
;;21180000000;Operações de Crédito - Mercado Interno - Estados/DF/Municípios;25648036;0;0;0;0;1427501,2;8207611;0;698755,81;0;1197006,17;0;0;11530874,18
;;21180100000;Operações de Crédito Internas de Estados/DF/Municípios;25648036;0;0;0;0;1427501,2;8207611;0;698755,81;0;1197006,17;0;0;11530874,18
;;21180110000;Operações de Crédito Internas para Programas de Educação;0;0;0;0;0;0;0;0;0;0;0;0;0;0
;;21180120000;Operações de Crédito Internas para Programas de Saúde;0;0;0;0;0;0;0;0;0;0;0;0;0;0
;;21180130000;Operações de Crédito Internas para Programas de Saneamento;25648036;0;0;0;0;1427501,2;0;0;0;0;0;0;0;1427501,2
62;100;21180131000;Operações de Crédito Internas para Programas de Saneamento - Principal;25648036;0;0;0;0;1427501,2;0;0;0;0;0;0;0;1427501,2
;;21180140000;Operações de Crédito Internas para Programas de Meio Ambiente;0;0;0;0;0;0;0;0;0;0;0;0;0;0
;;21180150000;Operações de Crédito Internas para Programas de Modernização da Administração Pública;0;0;0;0;0;0;8207611;0;698755,81;0;1197006,17;0;0;10103372,98
104;114;21180151001;Programa de modernização da Administração Tributária - PMAT;0;0;0;0;0;0;8207611;0;0;0;0;0;0;8207611
109;114;21180152000;PAC 2 Pró-Transporte Pavimentação e qualificação de Vias;0;0;0;0;0;0;0;0;698755,81;0;1197006,17;0;0;1895761,98
;;21200000000;Operações de Crédito - Mercado Externo;25095744;0;0;0;0;1259559,09;0;0;0;0;0;0;0;1259559,09
;;21280000000;Operações de Crédito - Mercado Externo - Estados/DF/Municípios;25095744;0;0;0;0;1259559,09;0;0;0;0;0;0;0;1259559,09
;;21280100000;Operações de Crédito Extrenas de Estados/DF/Municípios;25095744;0;0;0;0;1259559,09;0;0;0;0;0;0;0;1259559,09
;;21280130000;Operações de Crédito Externas para Programas de Saneamento;7416000;0;0;0;0;1259559,09;0;0;0;0;0;0;0;1259559,09
63;100;21280131000;Operações de Crédito Externas para Programas de Saneamento - Principal;7416000;0;0;0;0;1259559,09;0;0;0;0;0;0;0;1259559,09
;;21280140000;Operações de Crédito Externas para Programas de Meio Ambiente;0;0;0;0;0;0;0;0;0;0;0;0;0;0
;;21280150000;Operações de Crédito Externas para Programas de Modernização da Administração Pública;17679744;0;0;0;0;0;0;0;0;0;0;0;0;0
111;100;21280151000;Operações de Crédito Externas para Programas de Modernização da Administração Pública - Principal;17679744;0;0;0;0;0;0;0;0;0;0;0;0;0
;;22000000000;Alienação de Bens;0;0;0;0;1182,43;0;47852,72;0;0;0;0;0;62700;111735,15
;;22100000000;Alienação de Bens Móveis;0;0;0;0;0;0;0;0;0;0;0;0;62700;62700
;;22130000000;Alienação de Bens Móveis e Semoventes;0;0;0;0;0;0;0;0;0;0;0;0;0;0
;;22130010000;Alienação de Bens Móveis e Semoventes;0;0;0;0;0;0;0;0;0;0;0;0;0;0
112;100;22130011000;Alienação de Bens Móveis;0;0;0;0;0;0;0;0;0;0;0;0;62700;62700
;;22200000000;Alienação de Bens Imóveis;0;0;0;0;1182,43;0;47852,72;0;0;0;0;0;0;49035,15
;;22200010000;Alienação de Bens Imóveis;0;0;0;0;0;0;0;0;0;0;0;0;0;0
102;100;22200011000;Alienação de Bens Imóveis;0;0;0;0;1182,43;0;47852,72;0;0;0;0;0;0;49035,15
;;22300000000;Alienação de Bens Intangíveis;0;0;0;0;0;0;0;0;0;0;0;0;0;0
;;22300010000;Alienação de Bens Intangíveis;0;0;0;0;0;0;0;0;0;0;0;0;0;0
;;24000000000;Transferências de Capital;23029537;0;0;0;0;0;0;0;0;0;254651,7;758306,47;2887888,27;3900846,44
;;24100000000;Transferências da União e de suas Entidades;16024113;0;0;0;0;0;0;0;0;0;254651,7;758306,47;2887888,27;3900846,44
;;24100010000;Transferências da União e de suas Entidades;0;0;0;0;0;0;0;0;0;0;0;0;0;0
;;24180000000;Transferências da União;16024113;0;0;0;0;0;0;0;0;0;254651,7;758306,47;2887888,27;3900846,44
;;24180300000;Transferências de Recursos do Sistema Único de Saúde - SUS;0;0;0;0;0;0;0;0;0;0;0;0;0;0
;;24180310000;Transferências de Recursos do Sistema Único de Saúde - SUS;0;0;0;0;0;0;0;0;0;0;0;0;0;0
;;24180500000;Transferências de Recursos Destinados a Programas de Educação;0;0;0;0;0;0;0;0;0;0;0;0;0;0
;;24180510000;Transferências de Recursos Destinados a Programas de Educação;0;0;0;0;0;0;0;0;0;0;0;0;0;0
;;24181000000;Transferência de Convênios da União e de suas Entidades;16024113;0;0;0;0;0;0;0;0;0;254651,7;758306,47;2887888,27;3900846,44
;;24181010000;Transferências de Convênio da União para o Sistema Único de Saúde - SUS;0;0;0;0;0;0;0;0;0;0;0;0;0;0
;;24181020000;Transferências de Convênio da União destinadas a Programas de Educação;0;0;0;0;0;0;0;0;0;0;0;0;0;0
;;24181050000;Transferências de Convênio da União destinadas a Programas de Saneamento Básico;0;0;0;0;0;0;0;0;0;0;0;0;0;0
;;24181060000;Transferências de Convênio da União destinadas a Programas de Meio Ambiente;0;0;0;0;0;0;0;0;0;0;0;0;0;0
;;24181070000;Transferências de Convênio da União destinadas a Programas de Infra-Estrutura em Transporte;0;0;0;0;0;0;0;0;0;0;0;0;0;0
;;24181090000;Outras Transferências de Convênios da União;16024113;0;0;0;0;0;0;0;0;0;254651,7;758306,47;2887888,27;3900846,44
65;100;24181091000;Outras Transferências de Convênios da União - Principal;16024113;0;0;0;0;0;0;0;0;0;254651,7;758306,47;2887888,27;3900846,44
;;24189900000;Outras Transferências da União;0;0;0;0;0;0;0;0;0;0;0;0;0;0
;;24189910000;Outras Transferências da União;0;0;0;0;0;0;0;0;0;0;0;0;0;0
;;24200000000;Transferências dos Estados e do Distrito Federal e de Suas Entidades;7005424;0;0;0;0;0;0;0;0;0;0;0;0;0
;;24200010000;Transferências dos Estados e do Distrito Federal e de Suas Entidades;0;0;0;0;0;0;0;0;0;0;0;0;0;0
;;24280000000;Transferências dos Estados, Distrito Federal e de Suas Entidades;7005424;0;0;0;0;0;0;0;0;0;0;0;0;0
;;24280100000;Transferências dos Estados e Distrito Federal a Consórcios Públicos;0;0;0;0;0;0;0;0;0;0;0;0;0;0
;;24280110000;Transferências dos Estados e Distrito Federal a Consórcios Públicos;0;0;0;0;0;0;0;0;0;0;0;0;0;0
;;24280300000;Transferências de Recursos do Sistema Único de Saúde - SUS;0;0;0;0;0;0;0;0;0;0;0;0;0;0
;;24280310000;Transferências de Recursos do Sistema Único de Saúde - SUS;0;0;0;0;0;0;0;0;0;0;0;0;0;0
;;24280500000;Transferências de Recursos destinados a Programas de Educação;0;0;0;0;0;0;0;0;0;0;0;0;0;0
;;24280510000;Transferências de Recursos destinados a Programas de Educação;0;0;0;0;0;0;0;0;0;0;0;0;0;0
;;24281000000;Transferências de Convênios dos Estados e do Distrito Federal e de Suas Entidades;7005424;0;0;0;0;0;0;0;0;0;0;0;0;0
;;24281010000;Transferências de Convênios dos Estados para o Sistema Único de Saúde - SUS;7005424;0;0;0;0;0;0;0;0;0;0;0;0;0
41;100;24281011000;Transferências de Convênios dos Estados para o Sistema Único de Saúde - SUS - Principal;7005424;0;0;0;0;0;0;0;0;0;0;0;0;0
;;24281020000;Transferências de Convênios dos Estados destinadas a Programas de Educação;0;0;0;0;0;0;0;0;0;0;0;0;0;0
;;24281050000;Transferências de Convênios dos Estados destinadas a Programas de Saneamento Básico;0;0;0;0;0;0;0;0;0;0;0;0;0;0
;;24281060000;Transferências de Convênios dos Estados destinadas a Programas de Meio Ambiente;0;0;0;0;0;0;0;0;0;0;0;0;0;0
;;24281070000;Transferências de Convênio dos Estados destinadas a Programas de Infra-Estrutura em Transporte;0;0;0;0;0;0;0;0;0;0;0;0;0;0
;;24281090000;Outras Transferências de Convênio dos Estados;0;0;0;0;0;0;0;0;0;0;0;0;0;0
;;70000000000;RECEITAS CORRENTES - INTRA-ORÇAMENTÁRIAS;101817779;460903,75;4915423,92;5117662,43;6889619,32;8489368,89;4801615,21;4748941,84;4758032,93;4671589,29;8170072,37;7540375,91;12070984,3;72634590,16
;;72000000000;RECEITA DE CONTRIBUIÇÕES - INTRA-ORÇAMENTÁRIAS;101817779;460903,75;4915423,92;5117662,43;6889619,32;8489368,89;4801615,21;4748941,84;4758032,93;4671589,29;4629457,53;7540375,91;12070984,3;69093975,32
;;72100000000;Contribuições Sociais - Intra-Orçamentárias;101817779;460903,75;4915423,92;5117662,43;6889619,32;8489368,89;4801615,21;4748941,84;4758032,93;4671589,29;4629457,53;7540375,91;12070984,3;69093975,32
;;72100400000;Contribuição para o Regime Próprio de Previdência Social - RPPS;101817779;460903,75;4915423,92;5117662,43;6889619,32;8489368,89;4801615,21;4748941,84;4758032,93;4671589,29;4629457,53;7540375,91;12070984,3;69093975,32
;;72100410000;Contribuição Patronal do Servidor Ativo Civil para o RPPS;101817779;460903,75;4915423,92;5117662,43;6889619,32;8489368,89;4801615,21;4748941,84;4758032,93;4671589,29;4629457,53;7540375,91;12070984,3;69093975,32
;;72100411000;Contribuição Patronal do Servidor Ativo Civil para o RPPS - Principal;92562465;460903,75;4524144,76;4720414,04;6486125,26;7667770,64;4381032,25;4314519,6;4316819,2;4225627,47;4175549,1;7078689,1;11603434,01;63955029,18
12;100;72100411001;Contribuição Patronal do Servidor Ativo Civil para o RPPS - Grupo Financeiro;62552528;460903,75;4161209,53;4357478,81;6123190,03;6941900,18;4018097,02;3951584,37;3953883,97;3862692,24;3812613,87;3804086,77;7199180,79;52646821,33
13;100;72100411003;Contribuição Patronal do Servidor Ativo Civil para o RPPS - Grupo Previdenciário;17964912;0;0;0;0;0;0;0;0;0;0;2911667,1;4041317,99;6952985,09
14;100;72100411005;Contribuição Patronal - Parcelamento - Grupo Financeiro;12045025;0;362935,23;362935,23;362935,23;725870,46;362935,23;362935,23;362935,23;362935,23;362935,23;362935,23;362935,23;4355222,76
15;100;72100412000;Contribuição Patronal do Servidor Ativo Civil para o RPPS - Multas e Juros;9255314;0;391279,16;397248,39;403494,06;821598,25;420582,96;434422,24;441213,73;445961,82;453908,43;461686,81;467550,29;5138946,14
;;79220600000;Restituição de Despesas de Exercícios anteriores;0;0;0;0;0;0;0;0;0;0;3540614,84;0;0;3540614,84
;;79220610000;Restituição de Despesas de Exercícios anteriores;0;0;0;0;0;0;0;0;0;0;3540614,84;0;0;3540614,84
110;100;79220611000;Restituição de Despesas de Exercícios anteriores  - Principal;0;0;0;0;0;0;0;0;0;0;3540614,84;0;0;3540614,84
;;900000000000;Dedução da Receita Orçamentária;-214382181,4;-18330704,15;-21595180,28;-20780213,07;-17876432,32;-19652559,39;-19989502,37;-15944204,5;-19116300,25;-17313695,91;-16024009,63;-19452455,88;-21768699,37;-227843957,12
;;910000000000;® Dedução Receita Corrente;0;-1875,68;-6774,78;-18718,37;-709,91;-17544,37;-13228,06;-8349,11;-576875,1;-11757,28;-14285,98;-9148,29;-72373,15;-751640,08
;;910000000000;Dedução Receita Corrente;0;0;0;0;0;0;0;0;0;0;0;0;0;0
;;911000000000;Impostos, Taxas e Contribuições de Melhorias;0;-1875,68;-6774,78;-18718,37;-709,91;-17444,37;-13228,06;-8043,58;-250;-11757,28;-14285,98;-9148,29;-72373,15;-174609,45
;;911100000000;Impostos;0;0;0;0;0;0;0;0;0;0;0;0;0;0
94;100;911130311001;Dedução de Imposto sobre a Renda - Retido na Fonte - Principal;0;0;0;0;0;0;0;0;0;0;0;0;0;0
;;911180000000;Impostos Específicos do Estado/DF/Município;0;0;0;0;0;0;0;0;0;0;0;0;0;0
;;911180100000;Impostos Específicos do Estado/DF/Município;0;0;0;0;0;0;0;0;0;0;0;0;0;0
;;911180110000;Imposto sobre a Propriedade Predial e Territorial Urbana;0;0;0;0;0;0;0;0;0;0;0;0;0;0
92;100;911180111000;Dedução de Imposto sobre a Propriedade Predial e Territorial Urbana - Principal	;0;-1189,48;0;-119,66;-709,91;-3101,83;-583,06;-1107,91;0;-1191,08;0;-135,38;-1862,51;-10000,82
;;911180140000;Imposto sobre Transmissão Intervivos de Bens ìmóveis e Direitos Reais sobre Imóveis;0;0;0;0;0;0;0;0;0;0;0;0;0;0
93;100;911180141000;Dedução de Imposto sobre Transmissão intervivos de bens imóveis e direitos reais sobre imóveis - Principal;0;0;-5841;-16942,04;0;-12867,54;-12645;-6495,12;0;-1526,44;-13968,98;-5040;-2205;-77531,12
;;911180200000;Impostos sobre a Produção, circulação de Mercadorias e Serviços;0;0;0;0;0;0;0;0;0;0;0;0;0;0
;;911180230000;Imposto sobre Serviços de Qualquer Natureza;0;0;0;0;0;0;0;0;0;0;0;0;0;0
95;100;911180231001;Dedução de ISS - Principal;0;-686,2;-933,78;-1656,67;0;-1475;0;-440,55;-250;-9039,76;-317;-3972,91;-68305,64;-87077,51
;;911200000000;Taxas;0;0;0;0;0;0;0;-305,53;0;0;0;0;0;-305,53
;;911210000000;Taxas pelo Poder de Polícia;0;0;0;0;0;0;0;0;0;0;0;0;0;0
;;911210100000;Taxa de Inspeção, Controle e Fiscalização;0;0;0;0;0;0;0;0;0;0;0;0;0;0
;;911210110000;Taxa de Inspeção, Controle e Fiscalização;0;0;0;0;0;0;0;0;0;0;0;0;0;0
96;100;911210111002;Dedução de Licença para Funcionamento de Estabelecimentos Comercias, Industriais e Prestação de Serviços;0;0;0;0;0;0;0;-305,53;0;0;0;0;0;-305,53
;;917000000000;Dedução das Transferências Correntes;-214382181,4;-18328828,47;-21588405,5;-20761494,7;-17875722,41;-19635015,02;-19976274,31;-15935855,39;-18539425,15;-17301938,63;-16009723,65;-19443307,59;-21696326,22;-227092317,04
;;917180000000;Transferências da União Específicas para E/M;-95993221,4;-8745985,21;-11420338,08;-7704482,22;-8075840,09;-9901490,35;-9274674,1;-6313286,1;-7952947,07;-6008995,17;-6822434,67;-8555666,83;-10466600,6;-101242740,49
;;917180100000;Participação da Receita da União;-95470422,4;-8702589,96;-11376942,83;-7661086,97;-8032444,84;-9858095,1;-9231278,85;-6269890,85;-7909551,82;-5965599,92;-6779039,42;-8512271,58;-10423205,35;-100721997,49
;;917180120000;Cota-Parte do Fundo de Participação dos Municípios - Cota Mensal;-95467260;-8702491,78;-11376878,47;-7661086,97;-8032400,1;-9857706,39;-9231273,24;-6269645,83;-7909527,5;-5965371,66;-6776623,5;-8512245,16;-10423189,17;-100718439,77
66;100;917180121000;Cota-Parte do Fundo de Participação dos Municípios - Cota Mensal - Principal;-95467260;-8702491,78;-11376878,47;-7661086,97;-8032400,1;-9857706,39;-9231273,24;-6269645,83;-7909527,5;-5965371,66;-6776623,5;-8512245,16;-10423189,17;-100718439,77
;;917180150000;Cota-Parte sobre a Propriedade Territorial Rural;-3162,4;-98,18;-64,36;0;-44,74;-388,71;-5,61;-245,02;-24,32;-228,26;-2415,92;-26,42;-16,18;-3557,72
67;100;917180151000;Cota-Parte sobre a Propriedade Territorial Rural - Principal;-3162,4;-98,18;-64,36;0;-44,74;-388,71;-5,61;-245,02;-24,32;-228,26;-2415,92;-26,42;-16,18;-3557,72
;;917180600000;Transferências Financeiras do ICMS - Desoneração - LC-87/1996;-522799;-43395,25;-43395,25;-43395,25;-43395,25;-43395,25;-43395,25;-43395,25;-43395,25;-43395,25;-43395,25;-43395,25;-43395,25;-520743
;;917180610000;Transferências Financeiras do ICMS - Desoneração - LC-87/1996;0;0;0;0;0;0;0;0;0;0;0;0;0;0
68;100;917180611000;Transferências Financeiras do ICMS - Desoneração - LC-87/1996 - Principal;-522799;-43395,25;-43395,25;-43395,25;-43395,25;-43395,25;-43395,25;-43395,25;-43395,25;-43395,25;-43395,25;-43395,25;-43395,25;-520743
;;917200000000;Transferências dos Estados e do Distrito Federal e suas Entidades;-118388960;-9582843,26;-10168067,42;-13057012,48;-9799882,32;-9733524,67;-10701600,21;-9622569,29;-10586478,08;-11292943,46;-9187288,98;-10887640,76;-11229725,62;-125849576,55
;;917280000000;Transferências do Estado - Específicas E/M;-118388960;-9582843,26;-10168067,42;-13057012,48;-9799882,32;-9733524,67;-10701600,21;-9622569,29;-10586478,08;-11292943,46;-9187288,98;-10887640,76;-11229725,62;-125849576,55
;;917280100000;Participação da Receita dos Estados;-118388960;-9582843,26;-10168067,42;-13057012,48;-9799882,32;-9733524,67;-10701600,21;-9622569,29;-10586478,08;-11292943,46;-9187288,98;-10887640,76;-11229725,62;-125849576,55
;;917280110000;Cota-Parte do ICMS;-100347544;-8455550,85;-7546180,87;-7577053,16;-7567559,64;-7691809,28;-9541035,84;-8908858,27;-9849545,13;-10639006,33;-8701047,94;-10448061,14;-10375276,58;-107300985,03
69;100;917280111000;Cota-Parte do ICMS - Principal;-100347544;-8455550,85;-7546180,87;-7577053,16;-7567559,64;-7691809,28;-9541035,84;-8908858,27;-9849545,13;-10639006,33;-8701047,94;-10448061,14;-10375276,58;-107300985,03
;;917280120000;Cota-Parte do IPVA;-17071032;-1035415,76;-2528158,51;-5412900,39;-2137747,37;-1956655,48;-1082584,79;-619676,65;-651919,92;-568936,23;-399965,82;-356750,28;-754642,64;-17505353,84
70;100;917280121000;Cota-Parte do IPVA - Principal;-17071032;-1035415,76;-2528158,51;-5412900,39;-2137747,37;-1956655,48;-1082584,79;-619676,65;-651919,92;-568936,23;-399965,82;-356750,28;-754642,64;-17505353,84
;;917280130000;Cota-Parte do IPI - Município;-970384;-91876,65;-93728,04;-67058,93;-94575,31;-85059,91;-77979,58;-94034,37;-85013,03;-85000,9;-86275,22;-82829,34;-99806,4;-1043237,68
71;100;917280131000;Cota-Parte do IPI - Município - Principal;-970384;-91876,65;-93728,04;-67058,93;-94575,31;-85059,91;-77979,58;-94034,37;-85013,03;-85000,9;-86275,22;-82829,34;-99806,4;-1043237,68
;;917810900000;Outras transferências convênio da União;0;0;0;0;0;0;0;0;-576625,1;0;0;0;0;-576625,1
108;100;917810910000;Outras transferências convênio da União - Principal;0;0;0;0;0;0;0;0;-576625,1;0;0;0;0;-576625,1
;;919900000000;Dedução Outras Receitas - Primárias;0;0;0;0;0;-100;0;0;0;0;0;0;0;-100
103;100;919909911000;Dedução Outras Receitas - Primárias - Principal	;0;0;0;0;0;-100;0;0;0;0;0;0;0;-100
